{"ROC_AUC": 0.8193548387096775, "Accuracy": 0.819672131147541, "F1": 0.8253968253968254}